Algorithm,Solution Cost,Solution Length,Expanded Nodes,Size,Time,epsilon
GBFS,164,159,377,64,0.004990816,0
,,,,,,
GBFS,134,135,270,64,0.001992702,0
,,,,,,
eGFBS,134,135,272,64,0.00199151,0.1
,,,,,,
eGFBS,134,135,274,64,0.003986359,0.2
,,,,,,
eGFBS,144,139,316,64,0.004984379,0.3
,,,,,,
eGFBS,144,139,341,64,0.00600791,0.4
,,,,,,
eGFBS,134,135,350,64,0.007999659,0.5
,,,,,,
eGFBS,134,135,366,64,0.01099062,0.6
,,,,,,
eGFBS,134,135,402,64,0.016970158,0.7
,,,,,,
eGFBS,144,139,486,64,0.034910917,0.8
,,,,,,
eGFBS,134,135,281,64,0.004013538,0.1
,,,,,,
eGFBS,134,135,290,64,0.003029108,0.2
,,,,,,
eGFBS,134,135,322,64,0.005003691,0.3
,,,,,,
eGFBS,134,135,314,64,0.005003214,0.4
,,,,,,
eGFBS,134,135,346,64,0.006998539,0.5
,,,,,,
eGFBS,144,139,410,64,0.014972448,0.6
,,,,,,
eGFBS,134,135,402,64,0.016981125,0.7
,,,,,,
eGFBS,150,145,584,64,0.048856258,0.8
,,,,,,
eGFBS,134,135,260,64,0.002018452,0.1
,,,,,,
eGFBS,134,135,311,64,0.004006863,0.2
,,,,,,
eGFBS,134,135,298,64,0.004005909,0.3
,,,,,,
eGFBS,144,139,321,64,0.005999088,0.4
,,,,,,
eGFBS,134,135,343,64,0.007988691,0.5
,,,,,,
eGFBS,134,135,362,64,0.009990215,0.6
,,,,,,
eGFBS,142,137,449,64,0.022943258,0.7
,,,,,,
eGFBS,146,141,518,64,0.037896633,0.8
,,,,,,
eGFBS,152,147,375,64,0.004011393,0.1
,,,,,,
eGFBS,134,135,302,64,0.00301075,0.2
,,,,,,
eGFBS,134,135,304,64,0.004007578,0.3
,,,,,,
eGFBS,144,139,329,64,0.005999804,0.4
,,,,,,
eGFBS,134,135,362,64,0.006999016,0.5
,,,,,,
eGFBS,134,135,376,64,0.011979818,0.6
,,,,,,
eGFBS,144,139,475,64,0.019952536,0.7
,,,,,,
eGFBS,140,141,597,64,0.057833433,0.8
,,,,,,
eGFBS,134,135,290,64,0.002016783,0.1
,,,,,,
eGFBS,134,135,291,64,0.003020763,0.2
,,,,,,
eGFBS,134,135,305,64,0.004007578,0.3
,,,,,,
eGFBS,134,135,330,64,0.005003929,0.4
,,,,,,
eGFBS,134,135,347,64,0.007992268,0.5
,,,,,,
eGFBS,134,135,358,64,0.010999203,0.6
,,,,,,
eGFBS,138,139,396,64,0.016984701,0.7
,,,,,,
eGFBS,142,137,538,64,0.046866179,0.8
,,,,,,
eGFBS,134,135,248,64,0.002013922,0.1
,,,,,,
eGFBS,134,135,294,64,0.004010916,0.2
,,,,,,
eGFBS,134,135,307,64,0.004006624,0.3
,,,,,,
eGFBS,138,139,333,64,0.006000042,0.4
,,,,,,
eGFBS,144,139,366,64,0.007999659,0.5
,,,,,,
eGFBS,134,135,380,64,0.010981798,0.6
,,,,,,
eGFBS,144,139,444,64,0.02294302,0.7
,,,,,,
eGFBS,134,135,500,64,0.033886433,0.8
,,,,,,
eGFBS,134,135,284,64,0.002020359,0.1
,,,,,,
eGFBS,138,139,317,64,0.003013372,0.2
,,,,,,
eGFBS,144,139,343,64,0.005002975,0.3
,,,,,,
eGFBS,134,135,327,64,0.005009413,0.4
,,,,,,
eGFBS,154,149,459,64,0.01297617,0.5
,,,,,,
eGFBS,134,135,365,64,0.009986877,0.6
,,,,,,
eGFBS,148,143,451,64,0.022922754,0.7
,,,,,,
eGFBS,134,135,461,64,0.029919147,0.8
,,,,,,
eGFBS,134,135,266,64,0.00201273,0.1
,,,,,,
eGFBS,134,135,305,64,0.004022837,0.2
,,,,,,
eGFBS,134,135,300,64,0.004006386,0.3
,,,,,,
eGFBS,134,135,316,64,0.007995367,0.4
,,,,,,
eGFBS,130,131,354,64,0.008005381,0.5
,,,,,,
eGFBS,140,135,416,64,0.01395154,0.6
,,,,,,
eGFBS,134,135,397,64,0.013975143,0.7
,,,,,,
eGFBS,144,139,493,64,0.034902096,0.8
,,,,,,
eGFBS,134,135,287,64,0.002013445,0.1
,,,,,,
eGFBS,134,135,292,64,0.003017187,0.2
,,,,,,
eGFBS,134,135,303,64,0.004006147,0.3
,,,,,,
eGFBS,134,135,315,64,0.005999088,0.4
,,,,,,
eGFBS,140,141,317,64,0.005999327,0.5
,,,,,,
eGFBS,134,135,377,64,0.009986877,0.6
,,,,,,
eGFBS,144,139,420,64,0.019958496,0.7
,,,,,,
eGFBS,150,145,614,64,0.062328577,0.8
,,,,,,
eGFBS,134,135,290,64,0.003013372,0.1
,,,,,,
eGFBS,134,135,309,64,0.004014492,0.2
,,,,,,
eGFBS,134,135,296,64,0.004006863,0.3
,,,,,,
eGFBS,134,135,307,64,0.005005598,0.4
,,,,,,
eGFBS,144,139,384,64,0.016965151,0.5
,,,,,,
eGFBS,144,139,384,64,0.023357868,0.6
,,,,,,
eGFBS,134,135,409,64,0.03791976,0.7
,,,,,,
eGFBS,158,147,628,64,0.083676815,0.8
,,,,,,
GBFS,144,145,252,72,0.004988194,0
,,,,,,
eGFBS,150,151,341,72,0.008012056,0.1
,,,,,,
eGFBS,150,151,350,72,0.012064695,0.2
,,,,,,
eGFBS,150,151,398,72,0.019980669,0.3
,,,,,,
eGFBS,150,151,444,72,0.026047945,0.4
,,,,,,
eGFBS,194,183,571,72,0.054780006,0.5
,,,,,,
eGFBS,172,173,601,72,0.084854126,0.6
,,,,,,
eGFBS,146,147,443,72,0.060096502,0.7
,,,,,,
eGFBS,150,151,558,72,0.142993212,0.8
,,,,,,
eGFBS,144,145,278,72,0.007012367,0.1
,,,,,,
eGFBS,150,151,351,72,0.012027264,0.2
,,,,,,
eGFBS,150,151,459,72,0.022411346,0.3
,,,,,,
eGFBS,198,187,574,72,0.042503834,0.4
,,,,,,
eGFBS,150,151,436,72,0.031348944,0.5
,,,,,,
eGFBS,204,193,637,72,0.090687275,0.6
,,,,,,
eGFBS,148,149,435,72,0.057136297,0.7
,,,,,,
eGFBS,144,145,499,72,0.149639606,0.8
,,,,,,
eGFBS,144,145,274,72,0.006974936,0.1
,,,,,,
eGFBS,150,151,341,72,0.011962652,0.2
,,,,,,
eGFBS,144,145,305,72,0.018081903,0.3
,,,,,,
eGFBS,150,151,387,72,0.023030281,0.4
,,,,,,
eGFBS,150,151,390,72,0.028897285,0.5
,,,,,,
eGFBS,196,185,639,72,0.130017281,0.6
,,,,,,
eGFBS,144,145,408,72,0.064806461,0.7
,,,,,,
eGFBS,194,183,845,72,0.327708483,0.8
,,,,,,
eGFBS,144,145,271,72,0.007962704,0.1
,,,,,,
eGFBS,150,151,349,72,0.013157845,0.2
,,,,,,
eGFBS,198,187,531,72,0.032878637,0.3
,,,,,,
eGFBS,150,151,374,72,0.019928217,0.4
,,,,,,
eGFBS,198,187,596,72,0.065819025,0.5
,,,,,,
eGFBS,162,163,565,72,0.059673309,0.6
,,,,,,
eGFBS,198,187,742,72,0.17100215,0.7
,,,,,,
eGFBS,152,153,691,72,0.182896614,0.8
,,,,,,
eGFBS,144,145,268,72,0.007063389,0.1
,,,,,,
eGFBS,150,151,346,72,0.014956236,0.2
,,,,,,
eGFBS,198,187,577,72,0.035953045,0.3
,,,,,,
eGFBS,150,151,386,72,0.023433447,0.4
,,,,,,
eGFBS,194,183,589,72,0.060802698,0.5
,,,,,,
eGFBS,150,151,564,72,0.062332153,0.6
,,,,,,
eGFBS,170,171,678,72,0.158998251,0.7
,,,,,,
eGFBS,150,151,547,72,0.154649734,0.8
,,,,,,
eGFBS,144,145,269,72,0.007363319,0.1
,,,,,,
eGFBS,150,151,361,72,0.011962891,0.2
,,,,,,
eGFBS,150,151,386,72,0.020983696,0.3
,,,,,,
eGFBS,144,145,325,72,0.01741147,0.4
,,,,,,
eGFBS,150,151,482,72,0.038868189,0.5
,,,,,,
eGFBS,198,187,628,72,0.089705944,0.6
,,,,,,
eGFBS,168,169,718,72,0.169430256,0.7
,,,,,,
eGFBS,198,187,841,72,0.350815296,0.8
,,,,,,
eGFBS,144,145,265,72,0.004982233,0.1
,,,,,,
eGFBS,144,145,297,72,0.009253979,0.2
,,,,,,
eGFBS,150,151,378,72,0.016939402,0.3
,,,,,,
eGFBS,150,151,364,72,0.022125006,0.4
,,,,,,
eGFBS,150,151,449,72,0.033878088,0.5
,,,,,,
eGFBS,150,151,559,72,0.052897453,0.6
,,,,,,
eGFBS,188,183,729,72,0.147607327,0.7
,,,,,,
eGFBS,144,145,516,72,0.122094393,0.8
,,,,,,
eGFBS,144,145,279,72,0.010038376,0.1
,,,,,,
eGFBS,162,163,436,72,0.017560005,0.2
,,,,,,
eGFBS,150,151,381,72,0.015999079,0.3
,,,,,,
eGFBS,162,163,435,72,0.026879549,0.4
,,,,,,
eGFBS,144,145,349,72,0.02642107,0.5
,,,,,,
eGFBS,162,163,542,72,0.054456234,0.6
,,,,,,
eGFBS,198,187,686,72,0.208817959,0.7
,,,,,,
eGFBS,194,183,760,72,0.266704559,0.8
,,,,,,
eGFBS,144,145,273,72,0.007876635,0.1
,,,,,,
eGFBS,150,151,362,72,0.01295495,0.2
,,,,,,
eGFBS,150,151,381,72,0.015946388,0.3
,,,,,,
eGFBS,162,163,469,72,0.027895689,0.4
,,,,,,
eGFBS,202,191,607,72,0.063786745,0.5
,,,,,,
eGFBS,196,185,633,72,0.086678505,0.6
,,,,,,
eGFBS,198,187,721,72,0.15576148,0.7
,,,,,,
eGFBS,198,187,776,72,0.271352053,0.8
,,,,,,
eGFBS,144,145,264,72,0.007973194,0.1
,,,,,,
eGFBS,150,151,336,72,0.010963917,0.2
,,,,,,
eGFBS,150,151,370,72,0.016941786,0.3
,,,,,,
eGFBS,144,145,325,72,0.016940832,0.4
,,,,,,
eGFBS,192,181,587,72,0.061035872,0.5
,,,,,,
eGFBS,194,183,601,72,0.078735352,0.6
,,,,,,
eGFBS,198,187,746,72,0.165299654,0.7
,,,,,,
eGFBS,172,167,780,72,0.309071064,0.8
,,,,,,
GBFS,160,161,288,80,0.005980015,0
,,,,,,
eGFBS,160,161,313,80,0.009042263,0.1
,,,,,,
eGFBS,160,161,352,80,0.011060238,0.2
,,,,,,
eGFBS,160,161,386,80,0.018002272,0.3
,,,,,,
eGFBS,158,159,369,80,0.018057585,0.4
,,,,,,
eGFBS,168,169,404,80,0.025920868,0.5
,,,,,,
eGFBS,172,167,574,80,0.075267315,0.6
,,,,,,
eGFBS,160,161,533,80,0.092815876,0.7
,,,,,,
eGFBS,164,165,530,80,0.134815931,0.8
,,,,,,
eGFBS,160,161,314,80,0.007980585,0.1
,,,,,,
eGFBS,160,161,339,80,0.016386271,0.2
,,,,,,
eGFBS,160,161,364,80,0.015153885,0.3
,,,,,,
eGFBS,160,161,367,80,0.019441843,0.4
,,,,,,
eGFBS,174,175,434,80,0.030967951,0.5
,,,,,,
eGFBS,174,175,473,80,0.045198679,0.6
,,,,,,
eGFBS,168,169,462,80,0.053879261,0.7
,,,,,,
eGFBS,170,165,702,80,0.213623047,0.8
,,,,,,
eGFBS,160,161,309,80,0.009049892,0.1
,,,,,,
eGFBS,160,161,338,80,0.011996269,0.2
,,,,,,
eGFBS,160,161,343,80,0.014943123,0.3
,,,,,,
eGFBS,174,175,548,80,0.038138866,0.4
,,,,,,
eGFBS,160,161,399,80,0.029155731,0.5
,,,,,,
eGFBS,158,159,506,80,0.055371761,0.6
,,,,,,
eGFBS,164,165,654,80,0.123001099,0.7
,,,,,,
eGFBS,168,169,672,80,0.224630833,0.8
,,,,,,
eGFBS,160,161,309,80,0.008141041,0.1
,,,,,,
eGFBS,160,161,323,80,0.010041952,0.2
,,,,,,
eGFBS,160,161,350,80,0.015466928,0.3
,,,,,,
eGFBS,160,161,351,80,0.018935204,0.4
,,,,,,
eGFBS,160,161,397,80,0.028069019,0.5
,,,,,,
eGFBS,168,169,417,80,0.033951998,0.6
,,,,,,
eGFBS,160,161,618,80,0.093695879,0.7
,,,,,,
eGFBS,162,163,610,80,0.191252708,0.8
,,,,,,
eGFBS,160,161,313,80,0.009252071,0.1
,,,,,,
eGFBS,158,159,352,80,0.013062477,0.2
,,,,,,
eGFBS,160,161,353,80,0.01494503,0.3
,,,,,,
eGFBS,168,169,367,80,0.019913912,0.4
,,,,,,
eGFBS,160,161,401,80,0.02797389,0.5
,,,,,,
eGFBS,162,163,432,80,0.041957855,0.6
,,,,,,
eGFBS,160,161,439,80,0.048052311,0.7
,,,,,,
eGFBS,170,171,689,80,0.203210831,0.8
,,,,,,
eGFBS,160,161,312,80,0.008974314,0.1
,,,,,,
eGFBS,160,161,327,80,0.010967016,0.2
,,,,,,
eGFBS,168,169,336,80,0.013953209,0.3
,,,,,,
eGFBS,166,161,375,80,0.019449711,0.4
,,,,,,
eGFBS,160,161,395,80,0.026902914,0.5
,,,,,,
eGFBS,160,161,406,80,0.037951231,0.6
,,,,,,
eGFBS,160,161,509,80,0.069727659,0.7
,,,,,,
eGFBS,160,161,623,80,0.144545078,0.8
,,,,,,
eGFBS,160,161,306,80,0.009111643,0.1
,,,,,,
eGFBS,160,161,343,80,0.012955666,0.2
,,,,,,
eGFBS,160,161,334,80,0.01494956,0.3
,,,,,,
eGFBS,160,161,377,80,0.019937515,0.4
,,,,,,
eGFBS,160,161,408,80,0.02599144,0.5
,,,,,,
eGFBS,168,169,442,80,0.036867857,0.6
,,,,,,
eGFBS,194,183,662,80,0.113497257,0.7
,,,,,,
eGFBS,164,165,551,80,0.138344288,0.8
,,,,,,
eGFBS,160,161,312,80,0.00797081,0.1
,,,,,,
eGFBS,160,161,325,80,0.009963512,0.2
,,,,,,
eGFBS,160,161,349,80,0.016931772,0.3
,,,,,,
eGFBS,164,165,380,80,0.020931482,0.4
,,,,,,
eGFBS,160,161,381,80,0.028901577,0.5
,,,,,,
eGFBS,164,165,552,80,0.065325737,0.6
,,,,,,
eGFBS,166,161,464,80,0.055807114,0.7
,,,,,,
eGFBS,160,161,582,80,0.130145073,0.8
,,,,,,
eGFBS,160,161,307,80,0.007992506,0.1
,,,,,,
eGFBS,162,163,333,80,0.0123353,0.2
,,,,,,
eGFBS,160,161,334,80,0.014949799,0.3
,,,,,,
eGFBS,160,161,380,80,0.021930456,0.4
,,,,,,
eGFBS,160,161,471,80,0.038869381,0.5
,,,,,,
eGFBS,158,159,427,80,0.03985858,0.6
,,,,,,
eGFBS,164,165,638,80,0.116869688,0.7
,,,,,,
eGFBS,164,165,576,80,0.148650169,0.8
,,,,,,
eGFBS,160,161,312,80,0.009055853,0.1
,,,,,,
eGFBS,174,175,359,80,0.013954163,0.2
,,,,,,
eGFBS,160,161,365,80,0.015944958,0.3
,,,,,,
eGFBS,166,161,372,80,0.018309355,0.4
,,,,,,
eGFBS,160,161,382,80,0.036777496,0.5
,,,,,,
eGFBS,168,169,407,80,0.035890579,0.6
,,,,,,
eGFBS,158,159,528,80,0.083719015,0.7
,,,,,,
eGFBS,164,159,476,80,0.082401752,0.8
,,,,,,
GBFS,216,217,455,88,0.009962082,0
,,,,,,
eGFBS,218,219,537,88,0.019938469,0.1
,,,,,,
eGFBS,216,217,558,88,0.021924496,0.2
,,,,,,
eGFBS,214,215,548,88,0.02790451,0.3
,,,,,,
eGFBS,216,217,588,88,0.038975477,0.4
,,,,,,
eGFBS,208,209,652,88,0.061313152,0.5
,,,,,,
eGFBS,196,191,608,88,0.058957577,0.6
,,,,,,
eGFBS,210,211,814,88,0.185273886,0.7
,,,,,,
eGFBS,204,205,908,88,0.323319197,0.8
,,,,,,
eGFBS,216,217,516,88,0.016941309,0.1
,,,,,,
eGFBS,218,219,571,88,0.027017355,0.2
,,,,,,
eGFBS,216,217,576,88,0.034872293,0.3
,,,,,,
eGFBS,210,211,624,88,0.048933744,0.4
,,,,,,
eGFBS,222,223,654,88,0.069409609,0.5
,,,,,,
eGFBS,208,209,692,88,0.131546736,0.6
,,,,,,
eGFBS,196,191,654,88,0.173294067,0.7
,,,,,,
eGFBS,210,211,871,88,0.329161406,0.8
,,,,,,
eGFBS,216,217,505,88,0.013944149,0.1
,,,,,,
eGFBS,218,219,573,88,0.023919821,0.2
,,,,,,
eGFBS,216,217,623,88,0.039876223,0.3
,,,,,,
eGFBS,218,219,634,88,0.055290937,0.4
,,,,,,
eGFBS,218,219,685,88,0.069633722,0.5
,,,,,,
eGFBS,210,211,759,88,0.124010801,0.6
,,,,,,
eGFBS,210,211,774,88,0.176643133,0.7
,,,,,,
eGFBS,196,191,780,88,0.245653391,0.8
,,,,,,
eGFBS,218,219,541,88,0.01994729,0.1
,,,,,,
eGFBS,218,219,564,88,0.026925087,0.2
,,,,,,
eGFBS,216,217,602,88,0.036874533,0.3
,,,,,,
eGFBS,222,223,618,88,0.043550491,0.4
,,,,,,
eGFBS,216,217,663,88,0.059863329,0.5
,,,,,,
eGFBS,218,219,742,88,0.149818182,0.6
,,,,,,
eGFBS,210,211,765,88,0.16998744,0.7
,,,,,,
eGFBS,206,207,857,88,0.290168762,0.8
,,,,,,
eGFBS,218,219,550,88,0.018935919,0.1
,,,,,,
eGFBS,218,219,558,88,0.023918152,0.2
,,,,,,
eGFBS,196,185,536,88,0.024205208,0.3
,,,,,,
eGFBS,216,217,561,88,0.036036015,0.4
,,,,,,
eGFBS,218,219,676,88,0.065063477,0.5
,,,,,,
eGFBS,218,219,727,88,0.125896454,0.6
,,,,,,
eGFBS,212,213,800,88,0.167061567,0.7
,,,,,,
eGFBS,196,191,798,88,0.237087011,0.8
,,,,,,
eGFBS,218,219,532,88,0.018935919,0.1
,,,,,,
eGFBS,218,219,582,88,0.029102802,0.2
,,,,,,
eGFBS,216,217,582,88,0.032875776,0.3
,,,,,,
eGFBS,218,219,630,88,0.048360825,0.4
,,,,,,
eGFBS,214,215,675,88,0.07184267,0.5
,,,,,,
eGFBS,210,211,750,88,0.121978045,0.6
,,,,,,
eGFBS,208,209,773,88,0.178401232,0.7
,,,,,,
eGFBS,206,207,858,88,0.339891672,0.8
,,,,,,
eGFBS,218,219,526,88,0.015949011,0.1
,,,,,,
eGFBS,218,219,574,88,0.027904987,0.2
,,,,,,
eGFBS,218,219,587,88,0.030900717,0.3
,,,,,,
eGFBS,218,219,635,88,0.045859814,0.4
,,,,,,
eGFBS,218,219,689,88,0.06656909,0.5
,,,,,,
eGFBS,218,219,697,88,0.117701054,0.6
,,,,,,
eGFBS,206,207,756,88,0.183775425,0.7
,,,,,,
eGFBS,210,211,899,88,0.312790394,0.8
,,,,,,
eGFBS,216,217,496,88,0.015051365,0.1
,,,,,,
eGFBS,222,223,556,88,0.02345562,0.2
,,,,,,
eGFBS,216,217,623,88,0.035696983,0.3
,,,,,,
eGFBS,214,215,600,88,0.041759968,0.4
,,,,,,
eGFBS,210,211,679,88,0.067191601,0.5
,,,,,,
eGFBS,218,219,735,88,0.105664968,0.6
,,,,,,
eGFBS,200,195,967,88,0.249871969,0.7
,,,,,,
eGFBS,210,205,878,88,0.353237391,0.8
,,,,,,
eGFBS,216,217,514,88,0.01825738,0.1
,,,,,,
eGFBS,218,219,542,88,0.023294449,0.2
,,,,,,
eGFBS,220,221,613,88,0.034862757,0.3
,,,,,,
eGFBS,216,217,635,88,0.041128397,0.4
,,,,,,
eGFBS,206,207,668,88,0.063776016,0.5
,,,,,,
eGFBS,210,211,723,88,0.143542051,0.6
,,,,,,
eGFBS,208,209,783,88,0.162270784,0.7
,,,,,,
eGFBS,202,191,823,88,0.277076721,0.8
,,,,,,
eGFBS,214,215,496,88,0.018706083,0.1
,,,,,,
eGFBS,216,217,556,88,0.024916887,0.2
,,,,,,
eGFBS,214,215,527,88,0.027979851,0.3
,,,,,,
eGFBS,218,219,654,88,0.048095942,0.4
,,,,,,
eGFBS,218,219,664,88,0.062161207,0.5
,,,,,,
eGFBS,210,211,734,88,0.114020824,0.6
,,,,,,
eGFBS,212,213,800,88,0.215537548,0.7
,,,,,,
eGFBS,208,203,904,88,0.320371866,0.8
,,,,,,
GBFS,216,217,344,96,0.006974936,0
,,,,,,
eGFBS,210,211,374,96,0.009112597,0.1
,,,,,,
eGFBS,218,213,391,96,0.013029099,0.2
,,,,,,
eGFBS,222,217,407,96,0.014345884,0.3
,,,,,,
eGFBS,238,227,586,96,0.03395772,0.4
,,,,,,
eGFBS,238,227,640,96,0.045840025,0.5
,,,,,,
eGFBS,210,211,586,96,0.064212084,0.6
,,,,,,
eGFBS,236,231,781,96,0.136865377,0.7
,,,,,,
eGFBS,230,225,847,96,0.276173592,0.8
,,,,,,
eGFBS,220,215,358,96,0.009965181,0.1
,,,,,,
eGFBS,216,217,418,96,0.012465,0.2
,,,,,,
eGFBS,222,217,394,96,0.014970779,0.3
,,,,,,
eGFBS,250,239,698,96,0.047207355,0.4
,,,,,,
eGFBS,220,215,459,96,0.025302887,0.5
,,,,,,
eGFBS,222,217,506,96,0.038859367,0.6
,,,,,,
eGFBS,224,219,571,96,0.069625139,0.7
,,,,,,
eGFBS,222,217,638,96,0.173945904,0.8
,,,,,,
eGFBS,216,217,376,96,0.013604879,0.1
,,,,,,
eGFBS,220,215,388,96,0.018714428,0.2
,,,,,,
eGFBS,222,217,393,96,0.023193836,0.3
,,,,,,
eGFBS,222,217,437,96,0.039507866,0.4
,,,,,,
eGFBS,220,215,484,96,0.043156624,0.5
,,,,,,
eGFBS,238,227,706,96,0.087907314,0.6
,,,,,,
eGFBS,210,211,509,96,0.060041666,0.7
,,,,,,
eGFBS,226,227,870,96,0.28572464,0.8
,,,,,,
eGFBS,248,237,510,96,0.015123129,0.1
,,,,,,
eGFBS,220,215,446,96,0.012967348,0.2
,,,,,,
eGFBS,238,227,535,96,0.029896975,0.3
,,,,,,
eGFBS,222,217,407,96,0.018934965,0.4
,,,,,,
eGFBS,218,213,653,96,0.052213907,0.5
,,,,,,
eGFBS,222,217,552,96,0.045838594,0.6
,,,,,,
eGFBS,212,213,577,96,0.074748039,0.7
,,,,,,
eGFBS,220,215,655,96,0.158435583,0.8
,,,,,,
eGFBS,216,217,374,96,0.010960817,0.1
,,,,,,
eGFBS,222,217,397,96,0.010947466,0.2
,,,,,,
eGFBS,220,215,428,96,0.01796031,0.3
,,,,,,
eGFBS,224,219,653,96,0.045860291,0.4
,,,,,,
eGFBS,214,215,482,96,0.030891418,0.5
,,,,,,
eGFBS,206,207,734,96,0.088693857,0.6
,,,,,,
eGFBS,222,217,551,96,0.076315165,0.7
,,,,,,
eGFBS,222,217,618,96,0.146959305,0.8
,,,,,,
eGFBS,222,217,363,96,0.017919064,0.1
,,,,,,
eGFBS,222,217,390,96,0.01700592,0.2
,,,,,,
eGFBS,210,211,388,96,0.016941786,0.3
,,,,,,
eGFBS,224,213,593,96,0.033885241,0.4
,,,,,,
eGFBS,232,227,606,96,0.051723957,0.5
,,,,,,
eGFBS,216,205,665,96,0.076743364,0.6
,,,,,,
eGFBS,224,219,515,96,0.075743914,0.7
,,,,,,
eGFBS,224,225,944,96,0.314484835,0.8
,,,,,,
eGFBS,216,217,377,96,0.009964466,0.1
,,,,,,
eGFBS,206,207,353,96,0.011961699,0.2
,,,,,,
eGFBS,220,215,412,96,0.01494813,0.3
,,,,,,
eGFBS,224,219,423,96,0.021925688,0.4
,,,,,,
eGFBS,212,213,480,96,0.037964344,0.5
,,,,,,
eGFBS,222,217,532,96,0.052574635,0.6
,,,,,,
eGFBS,238,227,736,96,0.132894993,0.7
,,,,,,
eGFBS,214,215,935,96,0.309804201,0.8
,,,,,,
eGFBS,222,217,363,96,0.007931709,0.1
,,,,,,
eGFBS,222,217,376,96,0.012995243,0.2
,,,,,,
eGFBS,222,217,382,96,0.014042139,0.3
,,,,,,
eGFBS,222,217,416,96,0.019022465,0.4
,,,,,,
eGFBS,236,225,619,96,0.04593873,0.5
,,,,,,
eGFBS,222,217,505,96,0.04523921,0.6
,,,,,,
eGFBS,222,217,565,96,0.073756933,0.7
,,,,,,
eGFBS,238,239,911,96,0.361821651,0.8
,,,,,,
eGFBS,220,215,358,96,0.008967638,0.1
,,,,,,
eGFBS,222,217,400,96,0.012955666,0.2
,,,,,,
eGFBS,222,217,433,96,0.014947653,0.3
,,,,,,
eGFBS,222,217,460,96,0.022922039,0.4
,,,,,,
eGFBS,220,215,612,96,0.049831629,0.5
,,,,,,
eGFBS,214,215,485,96,0.045181751,0.6
,,,,,,
eGFBS,222,217,546,96,0.064781666,0.7
,,,,,,
eGFBS,226,221,856,96,0.271949768,0.8
,,,,,,
eGFBS,210,211,346,96,0.008967638,0.1
,,,,,,
eGFBS,210,211,355,96,0.013036489,0.2
,,,,,,
eGFBS,220,215,422,96,0.016973734,0.3
,,,,,,
eGFBS,222,217,429,96,0.020996571,0.4
,,,,,,
eGFBS,238,227,622,96,0.048837662,0.5
,,,,,,
eGFBS,202,203,674,96,0.070451498,0.6
,,,,,,
eGFBS,234,223,727,96,0.121914148,0.7
,,,,,,
eGFBS,194,195,814,96,0.259251595,0.8
,,,,,,
GBFS,228,229,302,104,0.007971525,0
,,,,,,
eGFBS,228,229,326,104,0.009964943,0.1
,,,,,,
eGFBS,228,229,346,104,0.013947725,0.2
,,,,,,
eGFBS,248,243,797,104,0.077932358,0.3
,,,,,,
eGFBS,254,249,809,104,0.11519289,0.4
,,,,,,
eGFBS,232,221,486,104,0.056061745,0.5
,,,,,,
eGFBS,238,233,874,104,0.209710836,0.6
,,,,,,
eGFBS,246,241,1030,104,0.363463879,0.7
,,,,,,
eGFBS,244,233,1083,104,0.495596886,0.8
,,,,,,
eGFBS,228,229,322,104,0.016453028,0.1
,,,,,,
eGFBS,228,229,346,104,0.014356613,0.2
,,,,,,
eGFBS,228,229,364,104,0.01696372,0.3
,,,,,,
eGFBS,232,221,500,104,0.037164211,0.4
,,,,,,
eGFBS,238,233,807,104,0.137667656,0.5
,,,,,,
eGFBS,228,229,454,104,0.048794985,0.6
,,,,,,
eGFBS,238,233,906,104,0.232880592,0.7
,,,,,,
eGFBS,254,243,1107,104,0.624952316,0.8
,,,,,,
eGFBS,228,229,325,104,0.010962009,0.1
,,,,,,
eGFBS,228,229,353,104,0.013943434,0.2
,,,,,,
eGFBS,228,229,374,104,0.017929554,0.3
,,,,,,
eGFBS,228,229,394,104,0.021991014,0.4
,,,,,,
eGFBS,240,235,840,104,0.111627579,0.5
,,,,,,
eGFBS,246,241,919,104,0.199919701,0.6
,,,,,,
eGFBS,244,239,964,104,0.275606394,0.7
,,,,,,
eGFBS,238,233,1234,104,0.715324879,0.8
,,,,,,
eGFBS,228,229,330,104,0.010009766,0.1
,,,,,,
eGFBS,228,229,346,104,0.014009714,0.2
,,,,,,
eGFBS,226,227,386,104,0.019030809,0.3
,,,,,,
eGFBS,236,225,473,104,0.045922518,0.4
,,,,,,
eGFBS,228,229,427,104,0.053925753,0.5
,,,,,,
eGFBS,226,227,460,104,0.063107252,0.6
,,,,,,
eGFBS,250,239,926,104,0.357216597,0.7
,,,,,,
eGFBS,252,247,1191,104,0.741316557,0.8
,,,,,,
eGFBS,228,229,326,104,0.012015104,0.1
,,,,,,
eGFBS,234,223,415,104,0.019211531,0.2
,,,,,,
eGFBS,234,223,457,104,0.027924538,0.3
,,,,,,
eGFBS,242,237,896,104,0.104940414,0.4
,,,,,,
eGFBS,248,243,863,104,0.135380507,0.5
,,,,,,
eGFBS,240,235,951,104,0.205066442,0.6
,,,,,,
eGFBS,254,249,1190,104,0.440439939,0.7
,,,,,,
eGFBS,248,243,1208,104,0.646541834,0.8
,,,,,,
eGFBS,228,229,333,104,0.009973764,0.1
,,,,,,
eGFBS,228,229,348,104,0.01319313,0.2
,,,,,,
eGFBS,228,229,375,104,0.020035505,0.3
,,,,,,
eGFBS,226,227,400,104,0.0279634,0.4
,,,,,,
eGFBS,250,245,930,104,0.151208401,0.5
,,,,,,
eGFBS,228,229,470,104,0.052961826,0.6
,,,,,,
eGFBS,246,241,1030,104,0.308523655,0.7
,,,,,,
eGFBS,246,235,1107,104,0.813769102,0.8
,,,,,,
eGFBS,228,229,328,104,0.019001722,0.1
,,,,,,
eGFBS,228,229,347,104,0.024919271,0.2
,,,,,,
eGFBS,234,223,435,104,0.04293704,0.3
,,,,,,
eGFBS,228,229,371,104,0.038775444,0.4
,,,,,,
eGFBS,226,227,417,104,0.055029392,0.5
,,,,,,
eGFBS,248,243,948,104,0.263645887,0.6
,,,,,,
eGFBS,226,227,537,104,0.126288414,0.7
,,,,,,
eGFBS,240,235,1102,104,0.833002329,0.8
,,,,,,
eGFBS,228,229,316,104,0.010959148,0.1
,,,,,,
eGFBS,228,229,340,104,0.01295042,0.2
,,,,,,
eGFBS,228,229,367,104,0.033962727,0.3
,,,,,,
eGFBS,248,243,893,104,0.20965004,0.4
,,,,,,
eGFBS,228,229,430,104,0.042509317,0.5
,,,,,,
eGFBS,244,239,979,104,0.317444801,0.6
,,,,,,
eGFBS,248,243,1036,104,0.521960974,0.7
,,,,,,
eGFBS,238,233,1054,104,0.657788038,0.8
,,,,,,
eGFBS,228,229,329,104,0.018104792,0.1
,,,,,,
eGFBS,228,229,344,104,0.025390387,0.2
,,,,,,
eGFBS,228,229,375,104,0.019053221,0.3
,,,,,,
eGFBS,232,227,485,104,0.047958136,0.4
,,,,,,
eGFBS,228,229,430,104,0.031086683,0.5
,,,,,,
eGFBS,228,229,541,104,0.064166546,0.6
,,,,,,
eGFBS,240,235,977,104,0.307506084,0.7
,,,,,,
eGFBS,238,233,1345,104,0.767375708,0.8
,,,,,,
eGFBS,228,229,334,104,0.011957645,0.1
,,,,,,
eGFBS,228,229,348,104,0.013952017,0.2
,,,,,,
eGFBS,234,223,441,104,0.026907921,0.3
,,,,,,
eGFBS,226,227,390,104,0.021456718,0.4
,,,,,,
eGFBS,238,233,859,104,0.158939362,0.5
,,,,,,
eGFBS,248,243,923,104,0.161258221,0.6
,,,,,,
eGFBS,236,231,1068,104,0.342542171,0.7
,,,,,,
eGFBS,254,249,1263,104,0.687966824,0.8
